phase,date,open,high,low,close,volume,genome_organism,genome_life_expectancy_days,genome_phase_transition_sensitivity,genome_impulse_dna,genome_corrective_dna,genome_entropy_dna,genome_correlation_dna,genome_sentiment_dna,genome_volatility_dna,genome_metabolism_dna,genome_genetic_flags,gene_momentum,gene_impulse,gene_trend,gene_correction,gene_weakness,gene_volatility,gene_risk_defense,neuron_impulse_impulse_score_norm,neuron_impulse_impulse_recommendation,neuron_weakness_weakness_score,neuron_weakness_reversal_warning,neuron_volatility_atr,neuron_volatility_historical_volatility,neuron_volatility_volatility_score_norm
decay,2025-04-04,193.89,199.88,187.34,188.38,125910913,AAPL,22.0,0.72,"{'expected_impulse_strength': 1.2, 'impulse_half_life': 7.0}","{'expected_corrective_depth': 0.38, 'corrective_half_life': 5.5}","{'baseline_entropy': 0.42, 'entropy_sensitivity': 0.3}","{'sister_pairs': ['MSFT', 'QQQ'], 'expected_correlation_strength': 0.85}","{'sensitivity_to_sp500': 0.48, 'sensitivity_to_vix': 0.4}","{'avg_atr_usd': 5.2, 'volatility_surge_threshold': 2.0}","{'mutation_tolerance': 0.25, 'expected_mutation_frequency': 0.09}","{'tech_sector': True, 'institutionally_driven': True}",0.0,0.5,0.0,1.0,1.0,1.0,1.0,0.0,weak_impulse,0.0,False,7.269286,0.024665,0.7189
decay,2025-04-07,177.2,194.15,174.62,181.46,160466300,AAPL,22.0,0.72,"{'expected_impulse_strength': 1.2, 'impulse_half_life': 7.0}","{'expected_corrective_depth': 0.38, 'corrective_half_life': 5.5}","{'baseline_entropy': 0.42, 'entropy_sensitivity': 0.3}","{'sister_pairs': ['MSFT', 'QQQ'], 'expected_correlation_strength': 0.85}","{'sensitivity_to_sp500': 0.48, 'sensitivity_to_vix': 0.4}","{'avg_atr_usd': 5.2, 'volatility_surge_threshold': 2.0}","{'mutation_tolerance': 0.25, 'expected_mutation_frequency': 0.09}","{'tech_sector': True, 'institutionally_driven': True}",0.0,0.5,0.0,1.0,1.0,1.0,1.0,0.0,weak_impulse,0.0,False,8.402857,0.025129,0.7268
decay,2025-04-08,186.7,190.34,169.21,172.42,120859500,AAPL,22.0,0.72,"{'expected_impulse_strength': 1.2, 'impulse_half_life': 7.0}","{'expected_corrective_depth': 0.38, 'corrective_half_life': 5.5}","{'baseline_entropy': 0.42, 'entropy_sensitivity': 0.3}","{'sister_pairs': ['MSFT', 'QQQ'], 'expected_correlation_strength': 0.85}","{'sensitivity_to_sp500': 0.48, 'sensitivity_to_vix': 0.4}","{'avg_atr_usd': 5.2, 'volatility_surge_threshold': 2.0}","{'mutation_tolerance': 0.25, 'expected_mutation_frequency': 0.09}","{'tech_sector': True, 'institutionally_driven': True}",0.0,0.5,0.0,1.0,1.0,1.0,1.0,0.0,weak_impulse,0.0,False,9.478571,0.02546,0.7217
decay,2025-04-09,171.95,200.61,171.89,198.85,184395900,AAPL,22.0,0.72,"{'expected_impulse_strength': 1.2, 'impulse_half_life': 7.0}","{'expected_corrective_depth': 0.38, 'corrective_half_life': 5.5}","{'baseline_entropy': 0.42, 'entropy_sensitivity': 0.3}","{'sister_pairs': ['MSFT', 'QQQ'], 'expected_correlation_strength': 0.85}","{'sensitivity_to_sp500': 0.48, 'sensitivity_to_vix': 0.4}","{'avg_atr_usd': 5.2, 'volatility_surge_threshold': 2.0}","{'mutation_tolerance': 0.25, 'expected_mutation_frequency': 0.09}","{'tech_sector': True, 'institutionally_driven': True}",0.0,0.5,0.0,1.0,1.0,1.0,1.0,0.0,weak_impulse,0.0,False,11.153571,0.032518,0.7984
decay,2025-04-10,189.07,194.78,183.0,190.42,121880000,AAPL,22.0,0.72,"{'expected_impulse_strength': 1.2, 'impulse_half_life': 7.0}","{'expected_corrective_depth': 0.38, 'corrective_half_life': 5.5}","{'baseline_entropy': 0.42, 'entropy_sensitivity': 0.3}","{'sister_pairs': ['MSFT', 'QQQ'], 'expected_correlation_strength': 0.85}","{'sensitivity_to_sp500': 0.48, 'sensitivity_to_vix': 0.4}","{'avg_atr_usd': 5.2, 'volatility_surge_threshold': 2.0}","{'mutation_tolerance': 0.25, 'expected_mutation_frequency': 0.09}","{'tech_sector': True, 'institutionally_driven': True}",0.0,0.5,0.0,1.0,1.0,1.0,1.0,0.0,weak_impulse,0.0,False,11.745714,0.032974,0.8008
decay,2025-04-11,186.1,199.54,186.06,198.15,87435915,AAPL,22.0,0.72,"{'expected_impulse_strength': 1.2, 'impulse_half_life': 7.0}","{'expected_corrective_depth': 0.38, 'corrective_half_life': 5.5}","{'baseline_entropy': 0.42, 'entropy_sensitivity': 0.3}","{'sister_pairs': ['MSFT', 'QQQ'], 'expected_correlation_strength': 0.85}","{'sensitivity_to_sp500': 0.48, 'sensitivity_to_vix': 0.4}","{'avg_atr_usd': 5.2, 'volatility_surge_threshold': 2.0}","{'mutation_tolerance': 0.25, 'expected_mutation_frequency': 0.09}","{'tech_sector': True, 'institutionally_driven': True}",0.0,0.5,0.0,1.0,1.0,1.0,1.0,0.0,weak_impulse,0.0,False,12.479286,0.033561,0.8093
decay,2025-04-14,211.44,212.94,201.16,202.52,101352911,AAPL,22.0,0.72,"{'expected_impulse_strength': 1.2, 'impulse_half_life': 7.0}","{'expected_corrective_depth': 0.38, 'corrective_half_life': 5.5}","{'baseline_entropy': 0.42, 'entropy_sensitivity': 0.3}","{'sister_pairs': ['MSFT', 'QQQ'], 'expected_correlation_strength': 0.85}","{'sensitivity_to_sp500': 0.48, 'sensitivity_to_vix': 0.4}","{'avg_atr_usd': 5.2, 'volatility_surge_threshold': 2.0}","{'mutation_tolerance': 0.25, 'expected_mutation_frequency': 0.09}","{'tech_sector': True, 'institutionally_driven': True}",0.0,0.5,0.0,1.0,1.0,1.0,1.0,0.0,weak_impulse,0.0,False,13.248571,0.03375,0.8116
decay,2025-04-15,201.86,203.51,199.8,202.14,51343900,AAPL,22.0,0.72,"{'expected_impulse_strength': 1.2, 'impulse_half_life': 7.0}","{'expected_corrective_depth': 0.38, 'corrective_half_life': 5.5}","{'baseline_entropy': 0.42, 'entropy_sensitivity': 0.3}","{'sister_pairs': ['MSFT', 'QQQ'], 'expected_correlation_strength': 0.85}","{'sensitivity_to_sp500': 0.48, 'sensitivity_to_vix': 0.4}","{'avg_atr_usd': 5.2, 'volatility_surge_threshold': 2.0}","{'mutation_tolerance': 0.25, 'expected_mutation_frequency': 0.09}","{'tech_sector': True, 'institutionally_driven': True}",0.0,0.5,0.0,1.0,1.0,1.0,1.0,0.0,weak_impulse,0.0,False,13.188571,0.033445,0.8054
decay,2025-04-16,198.36,200.7,192.37,194.27,59732423,AAPL,22.0,0.72,"{'expected_impulse_strength': 1.2, 'impulse_half_life': 7.0}","{'expected_corrective_depth': 0.38, 'corrective_half_life': 5.5}","{'baseline_entropy': 0.42, 'entropy_sensitivity': 0.3}","{'sister_pairs': ['MSFT', 'QQQ'], 'expected_correlation_strength': 0.85}","{'sensitivity_to_sp500': 0.48, 'sensitivity_to_vix': 0.4}","{'avg_atr_usd': 5.2, 'volatility_surge_threshold': 2.0}","{'mutation_tolerance': 0.25, 'expected_mutation_frequency': 0.09}","{'tech_sector': True, 'institutionally_driven': True}",0.0,0.5,0.0,1.0,1.0,1.0,1.0,0.0,weak_impulse,0.0,False,13.57,0.033682,0.8078
decay,2025-04-17,197.2,198.83,194.42,196.98,52164675,AAPL,22.0,0.72,"{'expected_impulse_strength': 1.2, 'impulse_half_life': 7.0}","{'expected_corrective_depth': 0.38, 'corrective_half_life': 5.5}","{'baseline_entropy': 0.42, 'entropy_sensitivity': 0.3}","{'sister_pairs': ['MSFT', 'QQQ'], 'expected_correlation_strength': 0.85}","{'sensitivity_to_sp500': 0.48, 'sensitivity_to_vix': 0.4}","{'avg_atr_usd': 5.2, 'volatility_surge_threshold': 2.0}","{'mutation_tolerance': 0.25, 'expected_mutation_frequency': 0.09}","{'tech_sector': True, 'institutionally_driven': True}",0.0,0.5,0.0,1.0,1.0,1.0,1.0,0.0,weak_impulse,0.0,False,13.455,0.033771,0.8103
decay,2025-04-21,193.27,193.8,189.81,193.16,46742537,AAPL,22.0,0.72,"{'expected_impulse_strength': 1.2, 'impulse_half_life': 7.0}","{'expected_corrective_depth': 0.38, 'corrective_half_life': 5.5}","{'baseline_entropy': 0.42, 'entropy_sensitivity': 0.3}","{'sister_pairs': ['MSFT', 'QQQ'], 'expected_correlation_strength': 0.85}","{'sensitivity_to_sp500': 0.48, 'sensitivity_to_vix': 0.4}","{'avg_atr_usd': 5.2, 'volatility_surge_threshold': 2.0}","{'mutation_tolerance': 0.25, 'expected_mutation_frequency': 0.09}","{'tech_sector': True, 'institutionally_driven': True}",0.0,0.5,0.0,1.0,1.0,1.0,1.0,0.0,weak_impulse,0.0,False,13.296429,0.033835,0.8103
decay,2025-04-22,196.12,201.59,195.97,199.74,52976400,AAPL,22.0,0.72,"{'expected_impulse_strength': 1.2, 'impulse_half_life': 7.0}","{'expected_corrective_depth': 0.38, 'corrective_half_life': 5.5}","{'baseline_entropy': 0.42, 'entropy_sensitivity': 0.3}","{'sister_pairs': ['MSFT', 'QQQ'], 'expected_correlation_strength': 0.85}","{'sensitivity_to_sp500': 0.48, 'sensitivity_to_vix': 0.4}","{'avg_atr_usd': 5.2, 'volatility_surge_threshold': 2.0}","{'mutation_tolerance': 0.25, 'expected_mutation_frequency': 0.09}","{'tech_sector': True, 'institutionally_driven': True}",0.0,0.5,0.0,1.0,1.0,1.0,1.0,0.0,weak_impulse,0.0,False,13.557143,0.034106,0.8136
decay,2025-04-23,206.0,208.0,202.8,204.6,52929200,AAPL,22.0,0.72,"{'expected_impulse_strength': 1.2, 'impulse_half_life': 7.0}","{'expected_corrective_depth': 0.38, 'corrective_half_life': 5.5}","{'baseline_entropy': 0.42, 'entropy_sensitivity': 0.3}","{'sister_pairs': ['MSFT', 'QQQ'], 'expected_correlation_strength': 0.85}","{'sensitivity_to_sp500': 0.48, 'sensitivity_to_vix': 0.4}","{'avg_atr_usd': 5.2, 'volatility_surge_threshold': 2.0}","{'mutation_tolerance': 0.25, 'expected_mutation_frequency': 0.09}","{'tech_sector': True, 'institutionally_driven': True}",0.0,0.5,0.0,1.0,1.0,1.0,0.9873,0.0,weak_impulse,0.0,False,13.849286,0.034313,0.8159
decay,2025-04-24,204.89,208.83,202.94,208.37,47311000,AAPL,22.0,0.72,"{'expected_impulse_strength': 1.2, 'impulse_half_life': 7.0}","{'expected_corrective_depth': 0.38, 'corrective_half_life': 5.5}","{'baseline_entropy': 0.42, 'entropy_sensitivity': 0.3}","{'sister_pairs': ['MSFT', 'QQQ'], 'expected_correlation_strength': 0.85}","{'sensitivity_to_sp500': 0.48, 'sensitivity_to_vix': 0.4}","{'avg_atr_usd': 5.2, 'volatility_surge_threshold': 2.0}","{'mutation_tolerance': 0.25, 'expected_mutation_frequency': 0.09}","{'tech_sector': True, 'institutionally_driven': True}",0.0,0.5,0.0,1.0,1.0,1.0,0.0,0.0,weak_impulse,0.0,False,12.652857,0.034269,0.8134
decay,2025-04-25,206.37,209.75,206.2,209.28,38222300,AAPL,22.0,0.72,"{'expected_impulse_strength': 1.2, 'impulse_half_life': 7.0}","{'expected_corrective_depth': 0.38, 'corrective_half_life': 5.5}","{'baseline_entropy': 0.42, 'entropy_sensitivity': 0.3}","{'sister_pairs': ['MSFT', 'QQQ'], 'expected_correlation_strength': 0.85}","{'sensitivity_to_sp500': 0.48, 'sensitivity_to_vix': 0.4}","{'avg_atr_usd': 5.2, 'volatility_surge_threshold': 2.0}","{'mutation_tolerance': 0.25, 'expected_mutation_frequency': 0.09}","{'tech_sector': True, 'institutionally_driven': True}",0.0,0.5,0.0,1.0,1.0,1.0,0.0,0.0,weak_impulse,0.0,False,11.774286,0.034157,0.8123
decay,2025-04-28,210.0,211.5,207.46,210.14,38743100,AAPL,22.0,0.72,"{'expected_impulse_strength': 1.2, 'impulse_half_life': 7.0}","{'expected_corrective_depth': 0.38, 'corrective_half_life': 5.5}","{'baseline_entropy': 0.42, 'entropy_sensitivity': 0.3}","{'sister_pairs': ['MSFT', 'QQQ'], 'expected_correlation_strength': 0.85}","{'sensitivity_to_sp500': 0.48, 'sensitivity_to_vix': 0.4}","{'avg_atr_usd': 5.2, 'volatility_surge_threshold': 2.0}","{'mutation_tolerance': 0.25, 'expected_mutation_frequency': 0.09}","{'tech_sector': True, 'institutionally_driven': True}",0.0,0.5,0.0,1.0,1.0,1.0,0.0,0.0,weak_impulse,0.0,False,10.667857,0.034025,0.8115
decay,2025-04-29,208.69,212.24,208.37,211.21,36827633,AAPL,22.0,0.72,"{'expected_impulse_strength': 1.2, 'impulse_half_life': 7.0}","{'expected_corrective_depth': 0.38, 'corrective_half_life': 5.5}","{'baseline_entropy': 0.42, 'entropy_sensitivity': 0.3}","{'sister_pairs': ['MSFT', 'QQQ'], 'expected_correlation_strength': 0.85}","{'sensitivity_to_sp500': 0.48, 'sensitivity_to_vix': 0.4}","{'avg_atr_usd': 5.2, 'volatility_surge_threshold': 2.0}","{'mutation_tolerance': 0.25, 'expected_mutation_frequency': 0.09}","{'tech_sector': True, 'institutionally_driven': True}",0.0,0.5,0.0,1.0,1.0,1.0,0.0,0.0,weak_impulse,0.0,False,9.435,0.033972,0.8109
decay,2025-04-30,209.3,213.58,206.67,212.5,52286500,AAPL,22.0,0.72,"{'expected_impulse_strength': 1.2, 'impulse_half_life': 7.0}","{'expected_corrective_depth': 0.38, 'corrective_half_life': 5.5}","{'baseline_entropy': 0.42, 'entropy_sensitivity': 0.3}","{'sister_pairs': ['MSFT', 'QQQ'], 'expected_correlation_strength': 0.85}","{'sensitivity_to_sp500': 0.48, 'sensitivity_to_vix': 0.4}","{'avg_atr_usd': 5.2, 'volatility_surge_threshold': 2.0}","{'mutation_tolerance': 0.25, 'expected_mutation_frequency': 0.09}","{'tech_sector': True, 'institutionally_driven': True}",0.0,0.5,0.0,1.0,1.0,1.0,0.0,0.0,weak_impulse,0.0,False,7.877143,0.033994,0.8126
decay,2025-05-01,209.08,214.56,208.9,213.32,57365700,AAPL,22.0,0.72,"{'expected_impulse_strength': 1.2, 'impulse_half_life': 7.0}","{'expected_corrective_depth': 0.38, 'corrective_half_life': 5.5}","{'baseline_entropy': 0.42, 'entropy_sensitivity': 0.3}","{'sister_pairs': ['MSFT', 'QQQ'], 'expected_correlation_strength': 0.85}","{'sensitivity_to_sp500': 0.48, 'sensitivity_to_vix': 0.4}","{'avg_atr_usd': 5.2, 'volatility_surge_threshold': 2.0}","{'mutation_tolerance': 0.25, 'expected_mutation_frequency': 0.09}","{'tech_sector': True, 'institutionally_driven': True}",0.0,0.5,0.0,1.0,1.0,1.0,0.0,0.0,weak_impulse,0.0,False,7.149286,0.034001,0.8127
decay,2025-05-02,206.09,206.99,202.16,205.35,101010621,AAPL,22.0,0.72,"{'expected_impulse_strength': 1.2, 'impulse_half_life': 7.0}","{'expected_corrective_depth': 0.38, 'corrective_half_life': 5.5}","{'baseline_entropy': 0.42, 'entropy_sensitivity': 0.3}","{'sister_pairs': ['MSFT', 'QQQ'], 'expected_correlation_strength': 0.85}","{'sensitivity_to_sp500': 0.48, 'sensitivity_to_vix': 0.4}","{'avg_atr_usd': 5.2, 'volatility_surge_threshold': 2.0}","{'mutation_tolerance': 0.25, 'expected_mutation_frequency': 0.09}","{'tech_sector': True, 'institutionally_driven': True}",0.0,0.5,0.0,1.0,1.0,1.0,0.0,0.0,weak_impulse,0.0,False,6.983571,0.03435,0.8174
decay,2025-05-05,203.1,204.1,198.21,198.89,69018500,AAPL,22.0,0.72,"{'expected_impulse_strength': 1.2, 'impulse_half_life': 7.0}","{'expected_corrective_depth': 0.38, 'corrective_half_life': 5.5}","{'baseline_entropy': 0.42, 'entropy_sensitivity': 0.3}","{'sister_pairs': ['MSFT', 'QQQ'], 'expected_correlation_strength': 0.85}","{'sensitivity_to_sp500': 0.48, 'sensitivity_to_vix': 0.4}","{'avg_atr_usd': 5.2, 'volatility_surge_threshold': 2.0}","{'mutation_tolerance': 0.25, 'expected_mutation_frequency': 0.09}","{'tech_sector': True, 'institutionally_driven': True}",0.0,0.5,0.0,1.0,1.0,1.0,0.0,0.0,weak_impulse,0.0,False,6.437143,0.034581,0.8202
decay,2025-05-06,198.21,200.65,197.02,198.51,51216500,AAPL,22.0,0.72,"{'expected_impulse_strength': 1.2, 'impulse_half_life': 7.0}","{'expected_corrective_depth': 0.38, 'corrective_half_life': 5.5}","{'baseline_entropy': 0.42, 'entropy_sensitivity': 0.3}","{'sister_pairs': ['MSFT', 'QQQ'], 'expected_correlation_strength': 0.85}","{'sensitivity_to_sp500': 0.48, 'sensitivity_to_vix': 0.4}","{'avg_atr_usd': 5.2, 'volatility_surge_threshold': 2.0}","{'mutation_tolerance': 0.25, 'expected_mutation_frequency': 0.09}","{'tech_sector': True, 'institutionally_driven': True}",0.0,0.5,0.0,1.0,1.0,1.0,0.0,0.0,weak_impulse,0.0,False,6.431429,0.034549,0.8194
decay,2025-05-07,199.17,199.44,193.25,196.25,68616943,AAPL,22.0,0.72,"{'expected_impulse_strength': 1.2, 'impulse_half_life': 7.0}","{'expected_corrective_depth': 0.38, 'corrective_half_life': 5.5}","{'baseline_entropy': 0.42, 'entropy_sensitivity': 0.3}","{'sister_pairs': ['MSFT', 'QQQ'], 'expected_correlation_strength': 0.85}","{'sensitivity_to_sp500': 0.48, 'sensitivity_to_vix': 0.4}","{'avg_atr_usd': 5.2, 'volatility_surge_threshold': 2.0}","{'mutation_tolerance': 0.25, 'expected_mutation_frequency': 0.09}","{'tech_sector': True, 'institutionally_driven': True}",0.0,0.5,0.0,1.0,1.0,1.0,0.0,0.0,weak_impulse,0.0,False,6.175714,0.034558,0.8191
decay,2025-05-08,197.72,200.05,194.68,197.49,50478900,AAPL,22.0,0.72,"{'expected_impulse_strength': 1.2, 'impulse_half_life': 7.0}","{'expected_corrective_depth': 0.38, 'corrective_half_life': 5.5}","{'baseline_entropy': 0.42, 'entropy_sensitivity': 0.3}","{'sister_pairs': ['MSFT', 'QQQ'], 'expected_correlation_strength': 0.85}","{'sensitivity_to_sp500': 0.48, 'sensitivity_to_vix': 0.4}","{'avg_atr_usd': 5.2, 'volatility_surge_threshold': 2.0}","{'mutation_tolerance': 0.25, 'expected_mutation_frequency': 0.09}","{'tech_sector': True, 'institutionally_driven': True}",0.0,0.5,0.0,1.0,1.0,1.0,0.0,0.0,weak_impulse,0.0,False,6.233571,0.034433,0.816
decay,2025-05-09,199.0,200.54,197.54,198.53,36453923,AAPL,22.0,0.72,"{'expected_impulse_strength': 1.2, 'impulse_half_life': 7.0}","{'expected_corrective_depth': 0.38, 'corrective_half_life': 5.5}","{'baseline_entropy': 0.42, 'entropy_sensitivity': 0.3}","{'sister_pairs': ['MSFT', 'QQQ'], 'expected_correlation_strength': 0.85}","{'sensitivity_to_sp500': 0.48, 'sensitivity_to_vix': 0.4}","{'avg_atr_usd': 5.2, 'volatility_surge_threshold': 2.0}","{'mutation_tolerance': 0.25, 'expected_mutation_frequency': 0.09}","{'tech_sector': True, 'institutionally_driven': True}",0.0,0.5,0.0,1.0,1.0,1.0,0.0,0.0,weak_impulse,0.0,False,5.939286,0.034432,0.8197
decay,2025-05-12,210.97,211.27,206.75,210.79,63775814,AAPL,22.0,0.72,"{'expected_impulse_strength': 1.2, 'impulse_half_life': 7.0}","{'expected_corrective_depth': 0.38, 'corrective_half_life': 5.5}","{'baseline_entropy': 0.42, 'entropy_sensitivity': 0.3}","{'sister_pairs': ['MSFT', 'QQQ'], 'expected_correlation_strength': 0.85}","{'sensitivity_to_sp500': 0.48, 'sensitivity_to_vix': 0.4}","{'avg_atr_usd': 5.2, 'volatility_surge_threshold': 2.0}","{'mutation_tolerance': 0.25, 'expected_mutation_frequency': 0.09}","{'tech_sector': True, 'institutionally_driven': True}",0.0,0.5,0.0,1.0,1.0,1.0,0.0,0.0,weak_impulse,0.0,False,6.247143,0.035452,0.827
decay,2025-05-13,210.43,213.4,209.0,212.93,51909332,AAPL,22.0,0.72,"{'expected_impulse_strength': 1.2, 'impulse_half_life': 7.0}","{'expected_corrective_depth': 0.38, 'corrective_half_life': 5.5}","{'baseline_entropy': 0.42, 'entropy_sensitivity': 0.3}","{'sister_pairs': ['MSFT', 'QQQ'], 'expected_correlation_strength': 0.85}","{'sensitivity_to_sp500': 0.48, 'sensitivity_to_vix': 0.4}","{'avg_atr_usd': 5.2, 'volatility_surge_threshold': 2.0}","{'mutation_tolerance': 0.25, 'expected_mutation_frequency': 0.09}","{'tech_sector': True, 'institutionally_driven': True}",0.0,0.5,0.0,1.0,1.0,1.0,0.0,0.0,weak_impulse,0.0,False,5.971429,0.035446,0.8265
decay,2025-05-14,212.43,213.94,210.58,212.33,49325825,AAPL,22.0,0.72,"{'expected_impulse_strength': 1.2, 'impulse_half_life': 7.0}","{'expected_corrective_depth': 0.38, 'corrective_half_life': 5.5}","{'baseline_entropy': 0.42, 'entropy_sensitivity': 0.3}","{'sister_pairs': ['MSFT', 'QQQ'], 'expected_correlation_strength': 0.85}","{'sensitivity_to_sp500': 0.48, 'sensitivity_to_vix': 0.4}","{'avg_atr_usd': 5.2, 'volatility_surge_threshold': 2.0}","{'mutation_tolerance': 0.25, 'expected_mutation_frequency': 0.09}","{'tech_sector': True, 'institutionally_driven': True}",0.0,0.5,0.0,1.0,1.0,1.0,0.0,0.0,weak_impulse,0.0,False,5.790714,0.035433,0.8261
decay,2025-05-15,210.95,212.96,209.54,211.45,45029500,AAPL,22.0,0.72,"{'expected_impulse_strength': 1.2, 'impulse_half_life': 7.0}","{'expected_corrective_depth': 0.38, 'corrective_half_life': 5.5}","{'baseline_entropy': 0.42, 'entropy_sensitivity': 0.3}","{'sister_pairs': ['MSFT', 'QQQ'], 'expected_correlation_strength': 0.85}","{'sensitivity_to_sp500': 0.48, 'sensitivity_to_vix': 0.4}","{'avg_atr_usd': 5.2, 'volatility_surge_threshold': 2.0}","{'mutation_tolerance': 0.25, 'expected_mutation_frequency': 0.09}","{'tech_sector': True, 'institutionally_driven': True}",0.0,0.5,0.0,1.0,1.0,1.0,0.0,0.0,weak_impulse,0.0,False,5.781429,0.035434,0.8261
decay,2025-05-16,212.36,212.57,209.77,211.26,54737900,AAPL,22.0,0.72,"{'expected_impulse_strength': 1.2, 'impulse_half_life': 7.0}","{'expected_corrective_depth': 0.38, 'corrective_half_life': 5.5}","{'baseline_entropy': 0.42, 'entropy_sensitivity': 0.3}","{'sister_pairs': ['MSFT', 'QQQ'], 'expected_correlation_strength': 0.85}","{'sensitivity_to_sp500': 0.48, 'sensitivity_to_vix': 0.4}","{'avg_atr_usd': 5.2, 'volatility_surge_threshold': 2.0}","{'mutation_tolerance': 0.25, 'expected_mutation_frequency': 0.09}","{'tech_sector': True, 'institutionally_driven': True}",0.0,0.5,0.0,1.0,1.0,1.0,0.0,0.0,weak_impulse,0.0,False,5.692857,0.035434,0.8272
decay,2025-05-19,207.91,209.48,204.26,208.78,46140527,AAPL,22.0,0.72,"{'expected_impulse_strength': 1.2, 'impulse_half_life': 7.0}","{'expected_corrective_depth': 0.38, 'corrective_half_life': 5.5}","{'baseline_entropy': 0.42, 'entropy_sensitivity': 0.3}","{'sister_pairs': ['MSFT', 'QQQ'], 'expected_correlation_strength': 0.85}","{'sensitivity_to_sp500': 0.48, 'sensitivity_to_vix': 0.4}","{'avg_atr_usd': 5.2, 'volatility_surge_threshold': 2.0}","{'mutation_tolerance': 0.25, 'expected_mutation_frequency': 0.09}","{'tech_sector': True, 'institutionally_driven': True}",0.0,0.5,0.0,1.0,1.0,1.0,0.0,0.0,weak_impulse,0.0,False,5.916429,0.035364,0.8262
decay,2025-05-20,207.67,208.47,205.03,206.86,42496635,AAPL,22.0,0.72,"{'expected_impulse_strength': 1.2, 'impulse_half_life': 7.0}","{'expected_corrective_depth': 0.38, 'corrective_half_life': 5.5}","{'baseline_entropy': 0.42, 'entropy_sensitivity': 0.3}","{'sister_pairs': ['MSFT', 'QQQ'], 'expected_correlation_strength': 0.85}","{'sensitivity_to_sp500': 0.48, 'sensitivity_to_vix': 0.4}","{'avg_atr_usd': 5.2, 'volatility_surge_threshold': 2.0}","{'mutation_tolerance': 0.25, 'expected_mutation_frequency': 0.09}","{'tech_sector': True, 'institutionally_driven': True}",0.0,0.5,0.0,1.0,1.0,1.0,0.0,0.0,weak_impulse,0.0,False,5.690714,0.034724,0.8111
decay,2025-05-21,205.17,207.04,200.71,202.09,59211800,AAPL,22.0,0.72,"{'expected_impulse_strength': 1.2, 'impulse_half_life': 7.0}","{'expected_corrective_depth': 0.38, 'corrective_half_life': 5.5}","{'baseline_entropy': 0.42, 'entropy_sensitivity': 0.3}","{'sister_pairs': ['MSFT', 'QQQ'], 'expected_correlation_strength': 0.85}","{'sensitivity_to_sp500': 0.48, 'sensitivity_to_vix': 0.4}","{'avg_atr_usd': 5.2, 'volatility_surge_threshold': 2.0}","{'mutation_tolerance': 0.25, 'expected_mutation_frequency': 0.09}","{'tech_sector': True, 'institutionally_driven': True}",0.0,0.5,0.0,1.0,1.0,1.0,0.0,0.0,weak_impulse,0.0,False,5.738571,0.034633,0.8175
decay,2025-05-22,200.71,202.75,199.7,201.36,46742407,AAPL,22.0,0.72,"{'expected_impulse_strength': 1.2, 'impulse_half_life': 7.0}","{'expected_corrective_depth': 0.38, 'corrective_half_life': 5.5}","{'baseline_entropy': 0.42, 'entropy_sensitivity': 0.3}","{'sister_pairs': ['MSFT', 'QQQ'], 'expected_correlation_strength': 0.85}","{'sensitivity_to_sp500': 0.48, 'sensitivity_to_vix': 0.4}","{'avg_atr_usd': 5.2, 'volatility_surge_threshold': 2.0}","{'mutation_tolerance': 0.25, 'expected_mutation_frequency': 0.09}","{'tech_sector': True, 'institutionally_driven': True}",0.0,0.5,0.0,1.0,1.0,1.0,0.0,0.0,weak_impulse,0.0,False,5.159286,0.034558,0.8161
decay,2025-05-23,193.67,197.7,193.46,195.27,78432918,AAPL,22.0,0.72,"{'expected_impulse_strength': 1.2, 'impulse_half_life': 7.0}","{'expected_corrective_depth': 0.38, 'corrective_half_life': 5.5}","{'baseline_entropy': 0.42, 'entropy_sensitivity': 0.3}","{'sister_pairs': ['MSFT', 'QQQ'], 'expected_correlation_strength': 0.85}","{'sensitivity_to_sp500': 0.48, 'sensitivity_to_vix': 0.4}","{'avg_atr_usd': 5.2, 'volatility_surge_threshold': 2.0}","{'mutation_tolerance': 0.25, 'expected_mutation_frequency': 0.09}","{'tech_sector': True, 'institutionally_driven': True}",0.0,0.5,0.0,1.0,1.0,1.0,0.0,0.0,weak_impulse,0.0,False,5.213571,0.034494,0.8111
decay,2025-05-27,198.3,200.74,197.43,200.21,56288500,AAPL,22.0,0.72,"{'expected_impulse_strength': 1.2, 'impulse_half_life': 7.0}","{'expected_corrective_depth': 0.38, 'corrective_half_life': 5.5}","{'baseline_entropy': 0.42, 'entropy_sensitivity': 0.3}","{'sister_pairs': ['MSFT', 'QQQ'], 'expected_correlation_strength': 0.85}","{'sensitivity_to_sp500': 0.48, 'sensitivity_to_vix': 0.4}","{'avg_atr_usd': 5.2, 'volatility_surge_threshold': 2.0}","{'mutation_tolerance': 0.25, 'expected_mutation_frequency': 0.09}","{'tech_sector': True, 'institutionally_driven': True}",0.0,0.5,0.0,1.0,1.0,1.0,0.0,0.0,weak_impulse,0.0,False,5.345,0.034588,0.8117
decay,2025-05-28,200.59,202.73,199.9,200.42,45339700,AAPL,22.0,0.72,"{'expected_impulse_strength': 1.2, 'impulse_half_life': 7.0}","{'expected_corrective_depth': 0.38, 'corrective_half_life': 5.5}","{'baseline_entropy': 0.42, 'entropy_sensitivity': 0.3}","{'sister_pairs': ['MSFT', 'QQQ'], 'expected_correlation_strength': 0.85}","{'sensitivity_to_sp500': 0.48, 'sensitivity_to_vix': 0.4}","{'avg_atr_usd': 5.2, 'volatility_surge_threshold': 2.0}","{'mutation_tolerance': 0.25, 'expected_mutation_frequency': 0.09}","{'tech_sector': True, 'institutionally_driven': True}",0.0,0.5,0.0,1.0,1.0,1.0,0.0,0.0,weak_impulse,0.0,False,5.105,0.034586,0.8125
decay,2025-05-29,203.58,203.81,198.51,199.95,51477938,AAPL,22.0,0.72,"{'expected_impulse_strength': 1.2, 'impulse_half_life': 7.0}","{'expected_corrective_depth': 0.38, 'corrective_half_life': 5.5}","{'baseline_entropy': 0.42, 'entropy_sensitivity': 0.3}","{'sister_pairs': ['MSFT', 'QQQ'], 'expected_correlation_strength': 0.85}","{'sensitivity_to_sp500': 0.48, 'sensitivity_to_vix': 0.4}","{'avg_atr_usd': 5.2, 'volatility_surge_threshold': 2.0}","{'mutation_tolerance': 0.25, 'expected_mutation_frequency': 0.09}","{'tech_sector': True, 'institutionally_driven': True}",0.0,0.5,0.0,1.0,1.0,1.0,0.0,0.0,weak_impulse,0.0,False,5.1,0.034579,0.8125
decay,2025-05-30,199.37,201.96,196.78,200.85,70819942,AAPL,22.0,0.72,"{'expected_impulse_strength': 1.2, 'impulse_half_life': 7.0}","{'expected_corrective_depth': 0.38, 'corrective_half_life': 5.5}","{'baseline_entropy': 0.42, 'entropy_sensitivity': 0.3}","{'sister_pairs': ['MSFT', 'QQQ'], 'expected_correlation_strength': 0.85}","{'sensitivity_to_sp500': 0.48, 'sensitivity_to_vix': 0.4}","{'avg_atr_usd': 5.2, 'volatility_surge_threshold': 2.0}","{'mutation_tolerance': 0.25, 'expected_mutation_frequency': 0.09}","{'tech_sector': True, 'institutionally_driven': True}",0.0,0.5,0.0,1.0,1.0,1.0,0.0,0.0,weak_impulse,0.0,False,5.252143,0.034537,0.8128
decay,2025-06-02,200.28,202.13,200.12,201.7,35423300,AAPL,22.0,0.72,"{'expected_impulse_strength': 1.2, 'impulse_half_life': 7.0}","{'expected_corrective_depth': 0.38, 'corrective_half_life': 5.5}","{'baseline_entropy': 0.42, 'entropy_sensitivity': 0.3}","{'sister_pairs': ['MSFT', 'QQQ'], 'expected_correlation_strength': 0.85}","{'sensitivity_to_sp500': 0.48, 'sensitivity_to_vix': 0.4}","{'avg_atr_usd': 5.2, 'volatility_surge_threshold': 2.0}","{'mutation_tolerance': 0.25, 'expected_mutation_frequency': 0.09}","{'tech_sector': True, 'institutionally_driven': True}",0.0,0.5,0.0,1.0,1.0,1.0,0.0,0.0,weak_impulse,0.0,False,4.485714,0.034542,0.8128
decay,2025-06-03,201.35,203.77,200.96,203.27,46381600,AAPL,22.0,0.72,"{'expected_impulse_strength': 1.2, 'impulse_half_life': 7.0}","{'expected_corrective_depth': 0.38, 'corrective_half_life': 5.5}","{'baseline_entropy': 0.42, 'entropy_sensitivity': 0.3}","{'sister_pairs': ['MSFT', 'QQQ'], 'expected_correlation_strength': 0.85}","{'sensitivity_to_sp500': 0.48, 'sensitivity_to_vix': 0.4}","{'avg_atr_usd': 5.2, 'volatility_surge_threshold': 2.0}","{'mutation_tolerance': 0.25, 'expected_mutation_frequency': 0.09}","{'tech_sector': True, 'institutionally_driven': True}",0.0,0.5,0.0,1.0,1.0,1.0,0.0,0.0,weak_impulse,0.0,False,4.372143,0.03444,0.811
decay,2025-06-04,202.91,206.24,202.1,202.82,43604000,AAPL,22.0,0.72,"{'expected_impulse_strength': 1.2, 'impulse_half_life': 7.0}","{'expected_corrective_depth': 0.38, 'corrective_half_life': 5.5}","{'baseline_entropy': 0.42, 'entropy_sensitivity': 0.3}","{'sister_pairs': ['MSFT', 'QQQ'], 'expected_correlation_strength': 0.85}","{'sensitivity_to_sp500': 0.48, 'sensitivity_to_vix': 0.4}","{'avg_atr_usd': 5.2, 'volatility_surge_threshold': 2.0}","{'mutation_tolerance': 0.25, 'expected_mutation_frequency': 0.09}","{'tech_sector': True, 'institutionally_driven': True}",0.0,0.5,0.0,1.0,1.0,1.0,0.0,0.0,weak_impulse,0.0,False,4.427857,0.034392,0.81
decay,2025-06-05,203.5,204.75,200.15,200.63,55221235,AAPL,22.0,0.72,"{'expected_impulse_strength': 1.2, 'impulse_half_life': 7.0}","{'expected_corrective_depth': 0.38, 'corrective_half_life': 5.5}","{'baseline_entropy': 0.42, 'entropy_sensitivity': 0.3}","{'sister_pairs': ['MSFT', 'QQQ'], 'expected_correlation_strength': 0.85}","{'sensitivity_to_sp500': 0.48, 'sensitivity_to_vix': 0.4}","{'avg_atr_usd': 5.2, 'volatility_surge_threshold': 2.0}","{'mutation_tolerance': 0.25, 'expected_mutation_frequency': 0.09}","{'tech_sector': True, 'institutionally_driven': True}",0.0,0.5,0.0,1.0,1.0,1.0,0.0,0.0,weak_impulse,0.0,False,4.512143,0.034344,0.8084
decay,2025-06-06,203.0,205.7,202.05,203.92,46607700,AAPL,22.0,0.72,"{'expected_impulse_strength': 1.2, 'impulse_half_life': 7.0}","{'expected_corrective_depth': 0.38, 'corrective_half_life': 5.5}","{'baseline_entropy': 0.42, 'entropy_sensitivity': 0.3}","{'sister_pairs': ['MSFT', 'QQQ'], 'expected_correlation_strength': 0.85}","{'sensitivity_to_sp500': 0.48, 'sensitivity_to_vix': 0.4}","{'avg_atr_usd': 5.2, 'volatility_surge_threshold': 2.0}","{'mutation_tolerance': 0.25, 'expected_mutation_frequency': 0.09}","{'tech_sector': True, 'institutionally_driven': True}",0.0,0.5,0.0,1.0,1.0,1.0,0.0,0.0,weak_impulse,0.0,False,4.674286,0.034423,0.8091
decay,2025-06-09,204.39,206.0,200.02,201.45,72862600,AAPL,22.0,0.72,"{'expected_impulse_strength': 1.2, 'impulse_half_life': 7.0}","{'expected_corrective_depth': 0.38, 'corrective_half_life': 5.5}","{'baseline_entropy': 0.42, 'entropy_sensitivity': 0.3}","{'sister_pairs': ['MSFT', 'QQQ'], 'expected_correlation_strength': 0.85}","{'sensitivity_to_sp500': 0.48, 'sensitivity_to_vix': 0.4}","{'avg_atr_usd': 5.2, 'volatility_surge_threshold': 2.0}","{'mutation_tolerance': 0.25, 'expected_mutation_frequency': 0.09}","{'tech_sector': True, 'institutionally_driven': True}",0.0,0.5,0.0,1.0,1.0,1.0,0.0,0.0,weak_impulse,0.0,False,4.601429,0.03441,0.8081
decay,2025-06-10,200.6,204.35,200.57,202.67,54672608,AAPL,22.0,0.72,"{'expected_impulse_strength': 1.2, 'impulse_half_life': 7.0}","{'expected_corrective_depth': 0.38, 'corrective_half_life': 5.5}","{'baseline_entropy': 0.42, 'entropy_sensitivity': 0.3}","{'sister_pairs': ['MSFT', 'QQQ'], 'expected_correlation_strength': 0.85}","{'sensitivity_to_sp500': 0.48, 'sensitivity_to_vix': 0.4}","{'avg_atr_usd': 5.2, 'volatility_surge_threshold': 2.0}","{'mutation_tolerance': 0.25, 'expected_mutation_frequency': 0.09}","{'tech_sector': True, 'institutionally_driven': True}",0.0,0.5,0.0,1.0,1.0,1.0,0.0,0.0,weak_impulse,0.0,False,4.603571,0.03424,0.8042
decay,2025-06-11,203.5,204.5,198.41,198.78,60989900,AAPL,22.0,0.72,"{'expected_impulse_strength': 1.2, 'impulse_half_life': 7.0}","{'expected_corrective_depth': 0.38, 'corrective_half_life': 5.5}","{'baseline_entropy': 0.42, 'entropy_sensitivity': 0.3}","{'sister_pairs': ['MSFT', 'QQQ'], 'expected_correlation_strength': 0.85}","{'sensitivity_to_sp500': 0.48, 'sensitivity_to_vix': 0.4}","{'avg_atr_usd': 5.2, 'volatility_surge_threshold': 2.0}","{'mutation_tolerance': 0.25, 'expected_mutation_frequency': 0.09}","{'tech_sector': True, 'institutionally_driven': True}",0.0,0.5,0.0,1.0,1.0,1.0,0.0,0.0,weak_impulse,0.0,False,4.586429,0.034199,0.8022
decay,2025-06-12,199.08,199.68,197.36,199.2,43904635,AAPL,22.0,0.72,"{'expected_impulse_strength': 1.2, 'impulse_half_life': 7.0}","{'expected_corrective_depth': 0.38, 'corrective_half_life': 5.5}","{'baseline_entropy': 0.42, 'entropy_sensitivity': 0.3}","{'sister_pairs': ['MSFT', 'QQQ'], 'expected_correlation_strength': 0.85}","{'sensitivity_to_sp500': 0.48, 'sensitivity_to_vix': 0.4}","{'avg_atr_usd': 5.2, 'volatility_surge_threshold': 2.0}","{'mutation_tolerance': 0.25, 'expected_mutation_frequency': 0.09}","{'tech_sector': True, 'institutionally_driven': True}",0.0,0.5,0.0,1.0,1.0,1.0,0.0,0.0,weak_impulse,0.0,False,4.534286,0.03419,0.802
decay,2025-06-13,199.73,200.37,195.7,196.45,51447349,AAPL,22.0,0.72,"{'expected_impulse_strength': 1.2, 'impulse_half_life': 7.0}","{'expected_corrective_depth': 0.38, 'corrective_half_life': 5.5}","{'baseline_entropy': 0.42, 'entropy_sensitivity': 0.3}","{'sister_pairs': ['MSFT', 'QQQ'], 'expected_correlation_strength': 0.85}","{'sensitivity_to_sp500': 0.48, 'sensitivity_to_vix': 0.4}","{'avg_atr_usd': 5.2, 'volatility_surge_threshold': 2.0}","{'mutation_tolerance': 0.25, 'expected_mutation_frequency': 0.09}","{'tech_sector': True, 'institutionally_driven': True}",0.0,0.5,0.0,1.0,1.0,1.0,0.0,0.0,weak_impulse,0.0,False,4.303571,0.03422,0.802
decay,2025-06-16,197.3,198.69,196.56,198.42,43020700,AAPL,22.0,0.72,"{'expected_impulse_strength': 1.2, 'impulse_half_life': 7.0}","{'expected_corrective_depth': 0.38, 'corrective_half_life': 5.5}","{'baseline_entropy': 0.42, 'entropy_sensitivity': 0.3}","{'sister_pairs': ['MSFT', 'QQQ'], 'expected_correlation_strength': 0.85}","{'sensitivity_to_sp500': 0.48, 'sensitivity_to_vix': 0.4}","{'avg_atr_usd': 5.2, 'volatility_surge_threshold': 2.0}","{'mutation_tolerance': 0.25, 'expected_mutation_frequency': 0.09}","{'tech_sector': True, 'institutionally_driven': True}",0.0,0.5,0.0,1.0,1.0,1.0,0.0,0.0,weak_impulse,0.0,False,4.072857,0.031428,0.7362
